model,avg_macro_f1_by_label
mBERT,0.29206432042678315
SVM,0.23472855006522364
BiLSTM,0.21966032580747838
